{"cameraMode":{"drawMode":0,"name":"Shaded","section":"Shading Mode"},"sceneLighting":true,"audioPlay":false,"sceneViewState":{"m_AlwaysRefresh":false,"showFog":true,"showSkybox":true,"showFlares":true,"showImageEffects":true,"showParticleSystems":true,"showVisualEffectGraphs":true,"m_FxEnabled":true},"in2DMode":false,"pivot":{"x":170.72891235351563,"y":196.87142944335938,"z":102.22012329101563},"rotation":{"x":-0.16011714935302735,"y":0.0020698236767202617,"z":-0.00033574315602891147,"w":-0.9870955944061279},"size":246.16717529296876,"orthographic":false}