{"cameraMode":{"drawMode":0,"name":"Shaded","section":"Shading Mode"},"sceneLighting":true,"audioPlay":false,"sceneViewState":{"m_AlwaysRefresh":false,"showFog":true,"showSkybox":true,"showFlares":true,"showImageEffects":true,"showParticleSystems":true,"showVisualEffectGraphs":true,"m_FxEnabled":true},"in2DMode":false,"pivot":{"x":0.15915924310684205,"y":0.5740528106689453,"z":-0.20367741584777833},"rotation":{"x":-0.5232198238372803,"y":0.020957279950380327,"z":-0.0128721809014678,"w":-0.8518443703651428},"size":17.021556854248048,"orthographic":false}