{"cameraMode":{"drawMode":0,"name":"Shaded","section":"Shading Mode"},"sceneLighting":true,"audioPlay":false,"sceneViewState":{"m_AlwaysRefresh":false,"showFog":true,"showSkybox":true,"showFlares":true,"showImageEffects":true,"showParticleSystems":true,"showVisualEffectGraphs":true,"m_FxEnabled":true},"in2DMode":false,"pivot":{"x":0.7055516242980957,"y":-0.45691823959350588,"z":-0.31909704208374026},"rotation":{"x":-0.08690358698368073,"y":0.9088317155838013,"z":-0.23866674304008485,"w":-0.3309248983860016},"size":4.786895751953125,"orthographic":false}