{"cameraMode":{"drawMode":0,"name":"Shaded","section":"Shading Mode"},"sceneLighting":true,"audioPlay":false,"sceneViewState":{"m_AlwaysRefresh":false,"showFog":true,"showSkybox":true,"showFlares":true,"showImageEffects":true,"showParticleSystems":true,"showVisualEffectGraphs":true,"m_FxEnabled":true},"in2DMode":false,"pivot":{"x":-1.1545896530151368,"y":-0.3926410675048828,"z":3.6387271881103517},"rotation":{"x":-0.06836948543787003,"y":0.9110745191574097,"z":-0.3700464963912964,"w":-0.16832943260669709},"size":12.164423942565918,"orthographic":false}