{"cameraMode":{"drawMode":0,"name":"Shaded","section":"Shading Mode"},"sceneLighting":false,"audioPlay":false,"sceneViewState":{"m_AlwaysRefresh":false,"showFog":true,"showSkybox":true,"showFlares":true,"showImageEffects":true,"showParticleSystems":true,"showVisualEffectGraphs":true,"m_FxEnabled":true},"in2DMode":false,"pivot":{"x":28.089839935302736,"y":1.0547428131103516,"z":-19.371204376220704},"rotation":{"x":0.020497223362326623,"y":-0.9597278833389282,"z":0.2705884277820587,"w":0.07270039618015289},"size":14.213265419006348,"orthographic":false}