{"cameraMode":{"drawMode":0,"name":"Shaded","section":"Shading Mode"},"sceneLighting":false,"audioPlay":false,"sceneViewState":{"m_AlwaysRefresh":false,"showFog":true,"showSkybox":true,"showFlares":true,"showImageEffects":true,"showParticleSystems":true,"showVisualEffectGraphs":true,"m_FxEnabled":true},"in2DMode":false,"pivot":{"x":31.200000762939454,"y":1.3646788597106934,"z":-19.333332061767579},"rotation":{"x":0.020497223362326623,"y":-0.9597278833389282,"z":0.2705884277820587,"w":0.07270039618015289},"size":0.8660253882408142,"orthographic":false}