{"cameraMode":{"drawMode":0,"name":"Shaded","section":"Shading Mode"},"sceneLighting":true,"audioPlay":false,"sceneViewState":{"m_AlwaysRefresh":false,"showFog":true,"showSkybox":true,"showFlares":true,"showImageEffects":true,"showParticleSystems":true,"showVisualEffectGraphs":true,"m_FxEnabled":true},"in2DMode":false,"pivot":{"x":21.104387283325197,"y":4.046417713165283,"z":0.8165225982666016},"rotation":{"x":-0.1259722113609314,"y":-0.005359573755413294,"z":0.0006805923185311258,"w":-0.9920186400413513},"size":3.308382749557495,"orthographic":false}