{"cameraMode":{"drawMode":0,"name":"Shaded","section":"Shading Mode"},"sceneLighting":false,"audioPlay":false,"sceneViewState":{"m_AlwaysRefresh":false,"showFog":true,"showSkybox":true,"showFlares":true,"showImageEffects":true,"showParticleSystems":true,"showVisualEffectGraphs":true,"m_FxEnabled":true},"in2DMode":false,"pivot":{"x":8.271864891052246,"y":-5.375046730041504,"z":4.284229278564453},"rotation":{"x":0.42981889843940737,"y":-0.007846172899007798,"z":0.003735126694664359,"w":0.9028748273849487},"size":12.763851165771485,"orthographic":false}