{"cameraMode":{"drawMode":0,"name":"Shaded","section":"Shading Mode"},"sceneLighting":true,"audioPlay":false,"sceneViewState":{"m_AlwaysRefresh":false,"showFog":true,"showSkybox":true,"showFlares":true,"showImageEffects":true,"showParticleSystems":true,"showVisualEffectGraphs":true,"m_FxEnabled":true},"in2DMode":false,"pivot":{"x":1.8005671501159669,"y":9.687986373901368,"z":18.54962158203125},"rotation":{"x":0.0003016788396053016,"y":0.9795670509338379,"z":-0.20111888647079469,"w":0.0014693510020151735},"size":10.437905311584473,"orthographic":false}