{"cameraMode":{"drawMode":0,"name":"Shaded","section":"Shading Mode"},"sceneLighting":true,"audioPlay":false,"sceneViewState":{"m_AlwaysRefresh":false,"showFog":true,"showSkybox":true,"showFlares":true,"showImageEffects":true,"showParticleSystems":true,"showVisualEffectGraphs":true,"m_FxEnabled":true},"in2DMode":false,"pivot":{"x":0.8106973767280579,"y":47.40333938598633,"z":-11.620721817016602},"rotation":{"x":-0.5738399028778076,"y":-0.09986397624015808,"z":0.07076795399188996,"w":-0.8097770810127258},"size":1.2247449159622193,"orthographic":false}