{"cameraMode":{"drawMode":0,"name":"Shaded","section":"Shading Mode"},"sceneLighting":true,"audioPlay":false,"sceneViewState":{"m_AlwaysRefresh":false,"showFog":true,"showSkybox":true,"showFlares":true,"showImageEffects":true,"showParticleSystems":true,"showVisualEffectGraphs":true,"m_FxEnabled":true},"in2DMode":false,"pivot":{"x":1.2593293190002442,"y":2.3121423721313478,"z":-1.5303030014038087},"rotation":{"x":0.007760734762996435,"y":-0.9117029309272766,"z":0.41042646765708926,"w":0.017240092158317567},"size":23.844945907592775,"orthographic":false}